begin_date,end_date
2023-09-21 17:55:11.000,2023-09-21 17:55:41.000
2023-09-25 13:38:45.000,2023-09-25 13:39:04.000
2023-09-25 14:10:45.000,2023-09-25 14:11:00.000
2023-09-25 17:16:40.000,2023-09-25 17:17:02.000
2023-09-25 17:21:02.000,2023-09-25 17:21:28.000
2023-09-25 17:40:30.000,2023-09-05 17:40:50.000
2023-09-25 18:41:35.000,2023-09-25 18:41:55.000
2023-09-25 19:05:50.000,2023-09-25 19:06:10.000
2023-09-25 21:51:20.000,2023-09-25 21:51:42.000
2023-09-26 09:05:00.000,2023-09-26 09:05:22.000
2023-09-26 13:23:50.000,2023-09-26 13:23:06.000
2023-09-26 12:41:02.000,2023-09-26 12:41:11.000
2023-09-26 13:40:15.000,2023-09-26 13:40:30.000
2023-09-26 17:33:07.000,2023-09-26 17:33:30.000
2023-09-26 17:46:15.000,2023-09-26 17:46:35.000
2023-09-26 17:58:04.000,2023-09-26 17:58:15.000
2023-09-26 17:58:04.000,2023-09-26 17:58:13.000
2023-09-26 19:07:15.000,2023-09-26 19:07:45.000
2023-09-26 20:53:12.000,2023-09-26 20:53:44.000
2023-10-02 07:36:12.000,2023-10-02 07:36:28.000
2023-10-02 07:43:02.000,2023-10-02 07:43:20.000
2023-10-02 07:48:07.000,2023-10-02 07:48:17.000
2023-10-02 07:53:04.000,2023-10-02 07:53:30.000
2023-10-02 07:58:32.000,2023-10-02 07:58:53.000
2023-10-02 08:12:12.000,2023-10-02 08:12:33.000
2023-10-02 17:11:32.000,2023-10-02 17:11:43.000
2023-10-02 23:29:08.000,2023-10-01 23:30:00.000
2023-09-27 21:53:45.000,2023-09-27 21:54:00.000
2023-09-27 05:17:00.000,2023-09-27 05:17:26.000
2023-09-27 21:13:15.000,2023-09-27 21:13:43.000
2023-09-28 22:03:23.000,2023-09-28 22:03:55.000
2023-09-28 23:07:45.000,2023-09-28 23:08:15.000
2023-09-28 19:40:54.000,2023-09-28 19:41:22.000
2023-09-29 14:44:24.000,2023-09-29 14:44:35.000
2023-09-29 17:56:54.000,2023-09-29 17:57:15.000
