first,last,prediction
1696201190,1696201199,100.0
1696201200,1696201209,99.99876022338867
1696201210,1696201219,99.99998807907104
1696201220,1696201229,99.99997615814209
1696201230,1696201239,100.0
1696201240,1696201249,99.99988079071045
1696201250,1696201259,100.0
1696201260,1696201269,100.0
1696201270,1696201279,99.99991059303284
1696201280,1696201289,100.0
1696201290,1696201299,99.99822974205017
1696201300,1696201309,100.0
1696201310,1696201319,100.0
1696201320,1696201329,99.99980926513672
1696201330,1696201339,99.99982118606567
1696201340,1696201349,100.0
1696201350,1696201359,99.99999403953552
1696201360,1696201369,99.99995827674866
1696201370,1696201379,99.90252256393433
1696201380,1696201389,100.0
1696201390,1696201399,100.0
1696201400,1696201409,100.0
1696201410,1696201419,99.99998211860657
1696201420,1696201429,100.0
1696201430,1696201439,99.99998807907104
1696201440,1696201449,99.99925494194031
1696201450,1696201459,100.0
1696201460,1696201469,100.0
1696201470,1696201479,100.0
1696201480,1696201489,99.99992847442627
1696201490,1696201499,95.81437110900879
1696201500,1696201509,89.26136493682861
1696201510,1696201519,100.0
1696201520,1696201529,99.9988317489624
1696201530,1696201539,100.0
1696201540,1696201549,100.0
1696201550,1696201559,100.0
1696201560,1696201569,100.0
1696201570,1696201579,62.83767223358154
1696201580,1696201589,100.0
1696201590,1696201599,100.0
1696201600,1696201609,100.0
1696201610,1696201619,100.0
1696201620,1696201629,99.97939467430115
1696201630,1696201639,100.0
1696201640,1696201649,99.99999403953552
1696201650,1696201659,100.0
1696201660,1696201669,99.99999403953552
1696201670,1696201679,100.0
1696201680,1696201689,100.0
1696201690,1696201699,100.0
1696201700,1696201709,100.0
1696201710,1696201719,100.0
1696201720,1696201729,99.99852776527405
1696201730,1696201739,99.9997079372406
1696201740,1696201749,100.0
1696201750,1696201759,99.99999403953552
1696201760,1696201769,99.99881982803345
1696201770,1696201779,99.99999403953552
1696201780,1696201789,99.99997615814209
1696201790,1696201799,99.99998807907104
1696201800,1696201809,99.99997615814209
1696201810,1696201819,100.0
1696201820,1696201829,99.99999403953552
1696201830,1696201839,99.96674060821533
1696201840,1696201849,100.0
1696201850,1696201859,96.63052558898926
1696201860,1696201869,91.07184410095215
1696201870,1696201879,96.64109945297241
1696201880,1696201889,84.50469970703125
1696201890,1696201899,98.25156927108765
1696201900,1696201909,86.27291321754456
1696201910,1696201919,59.91470217704773
1696201920,1696201929,99.99998807907104
1696201930,1696201939,47.49312102794647
1696201940,1696201949,99.98545050621033
1696201950,1696201959,100.0
1696201960,1696201969,99.99993443489075
1696201970,1696201979,99.99998211860657
1696201980,1696201989,99.99999403953552
1696201990,1696201999,100.0
1696202000,1696202009,99.9999463558197
1696202010,1696202019,100.0
1696202020,1696202029,99.99999403953552
1696202030,1696202039,99.99998807907104
1696202040,1696202049,99.99999403953552
1696202050,1696202059,99.99985098838806
1696202060,1696202069,99.99998807907104
1696202070,1696202079,100.0
1696202080,1696202089,100.0
1696202090,1696202099,100.0
1696202100,1696202109,100.0
1696202110,1696202119,99.79538321495056
1696202120,1696202129,99.99999403953552
1696202130,1696202139,100.0
1696202140,1696202149,100.0
1696202150,1696202159,99.99998211860657
1696202160,1696202169,100.0
1696202170,1696202179,100.0
1696202180,1696202189,100.0
1696202190,1696202199,99.99998807907104
1696202200,1696202209,99.99998211860657
1696202210,1696202219,99.99998211860657
1696202220,1696202229,100.0
1696202230,1696202239,100.0
1696202240,1696202249,100.0
1696202250,1696202259,100.0
1696202260,1696202269,99.99994039535522
1696202270,1696202279,99.99998211860657
1696202280,1696202289,100.0
1696202290,1696202299,100.0
1696202300,1696202309,100.0
1696202310,1696202319,99.99991655349731
1696202320,1696202329,99.99999403953552
1696202331,1696202339,100.0
1696202340,1696202349,100.0
1696202350,1696202359,100.0
1696202360,1696202369,99.99995827674866
1696202370,1696202379,97.12086915969849
1696202380,1696202389,99.99998807907104
1696202390,1696202399,100.0
1696202400,1696202409,100.0
1696202410,1696202419,100.0
1696202420,1696202429,99.99998807907104
1696202430,1696202439,99.99998807907104
1696202440,1696202449,99.12418723106384
1696202450,1696202459,100.0
1696202460,1696202469,100.0
1696202470,1696202479,100.0
1696202480,1696202489,100.0
1696202490,1696202499,99.99990463256836
1696202500,1696202509,100.0
1696202510,1696202519,100.0
1696202520,1696202529,100.0
1696202530,1696202539,100.0
1696202540,1696202549,100.0
1696202550,1696202559,100.0
1696202560,1696202569,100.0
1696202570,1696202579,100.0
1696202580,1696202589,100.0
1696202590,1696202599,100.0
1696202600,1696202609,100.0
1696202610,1696202619,100.0
1696202620,1696202629,99.99998807907104
1696202630,1696202639,99.99999403953552
1696202640,1696202649,100.0
1696202650,1696202659,99.99999403953552
1696202660,1696202669,99.99998211860657
1696202670,1696202679,100.0
1696202680,1696202689,99.99995827674866
1696202690,1696202699,99.99995231628418
1696202700,1696202709,100.0
1696202710,1696202719,100.0
1696202720,1696202729,100.0
1696202730,1696202739,99.86103177070618
1696202740,1696202749,79.2382538318634
1696202750,1696202759,99.99995827674866
1696202760,1696202769,99.99963641166687
1696202770,1696202779,99.9993085861206
1696202780,1696202789,99.99987483024597
1696202790,1696202799,99.99999403953552
1696202800,1696202809,100.0
1696202810,1696202819,100.0
1696202820,1696202829,100.0
1696202830,1696202839,99.99995231628418
1696202840,1696202849,99.99998807907104
1696202850,1696202859,100.0
1696202860,1696202869,100.0
1696202870,1696202879,100.0
1696202880,1696202889,81.37134313583374
1696202890,1696202899,99.15643334388733
1696202900,1696202909,90.45256972312927
1696202910,1696202919,100.0
1696202920,1696202929,92.35130548477173
1696202930,1696202939,99.99985098838806
1696202940,1696202949,99.96240139007568
1696202950,1696202959,99.99989867210388
1696202960,1696202969,99.99996423721313
1696202970,1696202979,99.99996423721313
1696202980,1696202989,100.0
1696202990,1696202999,100.0
1696203000,1696203009,99.99980926513672
1696203010,1696203019,99.99992847442627
1696203020,1696203029,99.99973773956299
1696203030,1696203039,99.99990463256836
1696203040,1696203049,100.0
1696203050,1696203059,99.99938607215881
1696203060,1696203069,99.99998211860657
1696203070,1696203079,99.99997615814209
1696203080,1696203089,100.0
1696203090,1696203099,100.0
1696203100,1696203109,99.99997615814209
1696203110,1696203119,99.99980926513672
1696203120,1696203129,100.0
1696203130,1696203139,100.0
1696203140,1696203149,100.0
1696203150,1696203159,99.99997019767761
1696203160,1696203169,100.0
1696203170,1696203179,100.0
1696203180,1696203189,99.99998807907104
1696203190,1696203199,99.99998211860657
1696203200,1696203209,99.99998211860657
1696203210,1696203219,99.62011575698853
1696203220,1696203229,63.70692849159241
1696203230,1696203239,100.0
1696203240,1696203249,99.99241232872009
1696203250,1696203259,99.99728202819824
1696203260,1696203269,100.0
1696203270,1696203279,100.0
1696203280,1696203289,99.99997615814209
1696203290,1696203299,99.38002228736877
1696203300,1696203309,93.0262804031372
1696203310,1696203319,99.99995827674866
1696203320,1696203329,97.84108400344849
1696203330,1696203339,99.99999403953552
1696203340,1696203349,99.99970197677612
1696203350,1696203359,100.0
1696203360,1696203369,100.0
1696203370,1696203379,100.0
1696203380,1696203389,99.99994039535522
1696203390,1696203399,71.2922990322113
1696203400,1696203409,99.990975856781
1696203410,1696203419,96.9336986541748
1696203420,1696203429,62.508755922317505
1696203430,1696203439,74.39516186714172
1696203440,1696203449,100.0
1696203450,1696203459,99.99998807907104
1696203460,1696203469,100.0
1696203470,1696203479,100.0
1696203480,1696203489,100.0
1696203490,1696203499,100.0
1696203500,1696203509,100.0
1696203510,1696203519,99.99997019767761
1696203520,1696203529,99.99995231628418
1696203530,1696203539,99.99937415122986
1696203540,1696203549,99.99999403953552
1696203550,1696203559,99.99999403953552
1696203560,1696203569,100.0
1696203570,1696203579,100.0
1696203580,1696203589,100.0
1696203590,1696203599,100.0
1696203600,1696203609,100.0
1696203610,1696203619,99.9999463558197
1696203620,1696203629,99.99994039535522
1696203630,1696203639,100.0
1696203640,1696203649,99.99998211860657
1696203650,1696203659,99.99916553497314
1696203660,1696203669,100.0
1696203670,1696203679,100.0
1696203680,1696203689,75.06167888641357
1696203690,1696203699,99.72780346870422
1696203700,1696203709,99.99978542327881
1696203710,1696203719,99.99998807907104
1696203720,1696203729,99.94298219680786
1696203730,1696203739,99.9269425868988
1696203740,1696203749,100.0
1696203750,1696203759,99.99998211860657
1696203760,1696203769,99.99995827674866
1696203770,1696203779,99.43453669548035
1696203780,1696203789,99.99999403953552
1696203790,1696203799,99.99999403953552
1696203800,1696203809,99.99993443489075
1696203810,1696203819,99.99990463256836
1696203820,1696203829,99.99988675117493
1696203830,1696203839,99.99998807907104
1696203840,1696203849,99.99982118606567
1696203850,1696203859,99.34273958206177
1696203860,1696203869,99.65168833732605
1696203870,1696203879,96.84470891952515
1696203880,1696203889,99.99999403953552
1696203890,1696203899,99.26013350486755
1696203900,1696203909,100.0
1696203910,1696203919,99.99244213104248
1696203920,1696203929,100.0
1696203930,1696203939,99.99997019767761
1696203940,1696203949,100.0
1696203950,1696203959,99.99996423721313
1696203960,1696203969,99.99994039535522
1696203970,1696203979,99.99998211860657
1696203981,1696203989,99.99927878379822
1696203990,1696203999,99.99980330467224
1696204000,1696204009,99.99990463256836
1696204010,1696204019,99.99603629112244
1696204020,1696204029,99.99966025352478
1696204030,1696204039,100.0
1696204040,1696204049,99.99925494194031
1696204050,1696204059,99.75765943527222
1696204060,1696204069,100.0
1696204070,1696204079,99.99997019767761
1696204080,1696204089,99.99954104423523
1696204090,1696204099,99.9998927116394
1696204100,1696204109,99.99999403953552
1696204110,1696204119,100.0
1696204120,1696204129,100.0
1696204130,1696204139,100.0
1696204140,1696204149,100.0
1696204150,1696204159,100.0
1696204160,1696204169,100.0
1696204170,1696204179,100.0
1696204180,1696204189,100.0
1696204190,1696204199,99.99960064888
1696204200,1696204209,99.99987483024597
1696204210,1696204219,99.99998807907104
1696204220,1696204229,100.0
1696204230,1696204239,92.88637638092041
1696204240,1696204249,99.96930360794067
1696204250,1696204259,93.09494495391846
1696204260,1696204269,99.99997019767761
1696204270,1696204279,99.99996423721313
1696204280,1696204289,100.0
1696204290,1696204299,99.64649677276611
1696204300,1696204309,100.0
1696204310,1696204319,99.99997615814209
1696204320,1696204329,99.99999403953552
1696204330,1696204339,100.0
1696204340,1696204349,100.0
1696204350,1696204359,99.99998807907104
1696204360,1696204369,99.99999403953552
1696204370,1696204379,99.99998807907104
1696204380,1696204389,25.111228227615356
1696204390,1696204399,99.99996423721313
1696204400,1696204409,22.182713449001312
1696204410,1696204419,99.99797344207764
1696204420,1696204429,99.9998152256012
1696204430,1696204439,100.0
1696204440,1696204449,99.99977350234985
1696204450,1696204459,93.87879967689514
1696204460,1696204469,20.322588086128235
1696204470,1696204479,99.9999463558197
1696204480,1696204489,99.99985694885254
1696204490,1696204499,99.99932050704956
1696204500,1696204509,100.0
1696204510,1696204519,100.0
1696204520,1696204529,100.0
1696204530,1696204539,100.0
1696204540,1696204549,100.0
1696204550,1696204559,100.0
1696204560,1696204569,100.0
1696204570,1696204579,99.99994039535522
1696204580,1696204589,99.99999403953552
1696204590,1696204599,100.0
1696204600,1696204609,99.99997615814209
1696204610,1696204619,100.0
1696204620,1696204629,100.0
1696204630,1696204639,99.99833106994629
1696204640,1696204649,99.99997019767761
1696204650,1696204659,99.99915957450867
1696204660,1696204669,99.99973177909851
1696204670,1696204679,99.9977707862854
1696204680,1696204689,36.02655827999115
1696204690,1696204699,99.99973773956299
1696204700,1696204709,99.92417693138123
1696204710,1696204719,100.0
1696204720,1696204729,99.99973773956299
1696204730,1696204739,99.99973773956299
1696204740,1696204749,99.99927282333374
1696204750,1696204759,99.99999403953552
1696204760,1696204769,99.99998211860657
1696204770,1696204779,99.9999463558197
1696204780,1696204789,99.99275803565979
1696204790,1696204799,100.0
1696204800,1696204809,99.99998211860657
1696204810,1696204819,99.9987781047821
1696204820,1696204829,100.0
1696204830,1696204839,99.99825954437256
1696204840,1696204849,99.998939037323
1696204850,1696204859,99.99994039535522
1696204860,1696204869,99.99997019767761
1696204870,1696204879,99.99998807907104
1696204880,1696204889,99.99862313270569
1696204890,1696204899,99.9997079372406
1696204900,1696204909,99.99988079071045
1696204910,1696204919,99.99994039535522
1696204920,1696204929,99.99992847442627
1696204930,1696204939,99.99923706054688
1696204940,1696204949,99.99989867210388
1696204950,1696204959,99.99998211860657
1696204960,1696204969,99.99932646751404
1696204970,1696204979,100.0
1696204980,1696204989,99.998939037323
1696204990,1696204999,99.99996423721313
1696205000,1696205009,99.99979138374329
1696205010,1696205019,99.99930262565613
1696205020,1696205029,99.99459385871887
1696205030,1696205039,99.94498491287231
1696205040,1696205049,99.99949932098389
1696205050,1696205059,99.99998807907104
1696205060,1696205069,99.99968409538269
1696205070,1696205079,99.9756932258606
1696205080,1696205089,99.99999403953552
1696205090,1696205099,99.99969601631165
1696205100,1696205109,100.0
1696205110,1696205119,99.99991059303284
1696205120,1696205129,100.0
1696205130,1696205139,99.99999403953552
1696205140,1696205149,99.9998390674591
1696205150,1696205159,99.9999463558197
1696205160,1696205169,100.0
1696205170,1696205179,99.99991655349731
1696205180,1696205189,100.0
1696205190,1696205199,99.99998807907104
1696205200,1696205209,99.99992847442627
1696205210,1696205219,99.99992251396179
1696205220,1696205229,99.99996423721313
1696205230,1696205239,99.99984502792358
1696205240,1696205249,100.0
1696205250,1696205259,99.99995827674866
1696205260,1696205269,99.9990701675415
1696205270,1696205279,99.99999403953552
1696205280,1696205289,100.0
1696205290,1696205299,100.0
1696205300,1696205309,99.99995827674866
1696205310,1696205319,99.99998211860657
1696205320,1696205329,99.99999403953552
1696205330,1696205339,100.0
1696205340,1696205349,99.99980330467224
1696205350,1696205359,100.0
1696205360,1696205369,100.0
1696205370,1696205379,99.99988675117493
1696205380,1696205389,99.997878074646
1696205390,1696205399,100.0
1696205400,1696205409,100.0
1696205410,1696205419,99.99971985816956
1696205420,1696205429,100.0
1696205430,1696205439,99.99998807907104
1696205440,1696205449,100.0
1696205450,1696205459,99.9906837940216
1696205460,1696205469,99.95829463005066
1696205470,1696205479,99.99996423721313
1696205480,1696205489,99.99999403953552
1696205490,1696205499,99.99972581863403
1696205500,1696205509,100.0
1696205510,1696205519,99.99991655349731
1696205520,1696205529,99.99986290931702
1696205530,1696205539,99.9999463558197
1696205540,1696205549,99.99995827674866
1696205550,1696205559,100.0
1696205560,1696205569,99.99997019767761
1696205570,1696205579,100.0
1696205580,1696205589,99.99999403953552
1696205590,1696205599,100.0
1696205600,1696205609,99.99991059303284
1696205610,1696205619,99.99995231628418
1696205620,1696205629,99.99979138374329
1696205630,1696205639,99.99998211860657
1696205640,1696205649,99.99315142631531
1696205650,1696205659,99.99942183494568
1696205660,1696205669,99.99972581863403
1696205670,1696205679,99.9995768070221
1696205680,1696205689,99.99882578849792
1696205690,1696205699,99.99954104423523
1696205700,1696205709,99.9998390674591
1696205710,1696205719,100.0
1696205720,1696205729,99.99996423721313
1696205730,1696205739,99.99997019767761
1696205740,1696205749,99.99999403953552
1696205750,1696205759,99.99998211860657
1696205760,1696205769,100.0
1696205770,1696205779,99.99995231628418
1696205780,1696205789,100.0
1696205790,1696205799,99.99991655349731
1696205800,1696205809,99.99990463256836
1696205810,1696205819,96.84116840362549
1696205820,1696205829,99.23877716064453
1696205830,1696205839,99.99911189079285
1696205840,1696205849,99.9967634677887
1696205850,1696205859,99.99945759773254
1696205860,1696205869,100.0
1696205870,1696205879,94.61613297462463
1696205880,1696205889,99.99970197677612
1696205890,1696205899,100.0
1696205900,1696205909,99.99865889549255
1696205910,1696205919,100.0
1696205920,1696205929,99.99999403953552
1696205930,1696205939,99.99997615814209
1696205940,1696205949,99.99945163726807
1696205950,1696205959,99.99998211860657
1696205960,1696205969,99.9998390674591
1696205970,1696205979,99.99993443489075
1696205980,1696205989,100.0
1696205990,1696205999,99.99848008155823
1696206000,1696206009,99.9999463558197
1696206010,1696206019,99.99983310699463
1696206020,1696206029,99.99997615814209
1696206030,1696206039,99.99999403953552
1696206040,1696206049,99.99998807907104
1696206050,1696206059,99.99812245368958
1696206060,1696206069,100.0
1696206070,1696206079,100.0
1696206080,1696206089,99.99998211860657
1696206090,1696206099,99.99999403953552
1696206100,1696206109,100.0
1696206110,1696206119,100.0
1696206120,1696206129,100.0
1696206130,1696206139,99.9999463558197
1696206140,1696206149,100.0
1696206150,1696206159,99.99995827674866
1696206160,1696206169,76.65751576423645
1696206170,1696206179,99.99999403953552
1696206180,1696206189,99.99998807907104
1696206190,1696206199,100.0
1696206200,1696206209,99.99993443489075
1696206210,1696206219,56.521546840667725
1696206220,1696206229,38.09525966644287
1696206230,1696206239,100.0
1696206240,1696206249,99.97572302818298
1696206250,1696206259,99.99992847442627
1696206260,1696206269,99.99997615814209
1696206270,1696206279,99.99998807907104
1696206280,1696206289,99.99999403953552
1696206290,1696206299,99.9997079372406
1696206300,1696206309,99.99995827674866
1696206310,1696206319,99.99702572822571
1696206320,1696206329,99.99987483024597
1696206330,1696206339,99.99998807907104
1696206340,1696206349,100.0
1696206350,1696206359,99.9963104724884
1696206360,1696206369,99.99998211860657
1696206370,1696206379,99.99997019767761
1696206380,1696206389,100.0
1696206390,1696206399,99.99998807907104
1696206400,1696206409,99.99999403953552
1696206410,1696206419,100.0
1696206420,1696206429,100.0
1696206430,1696206439,100.0
1696206440,1696206449,99.99998211860657
1696206450,1696206459,99.99998211860657
1696206460,1696206469,99.99998807907104
1696206470,1696206479,99.99996423721313
1696206480,1696206489,99.99996423721313
1696206490,1696206499,99.99959468841553
1696206500,1696206509,100.0
1696206510,1696206519,99.99999403953552
1696206520,1696206529,99.99975562095642
1696206530,1696206539,99.99997019767761
1696206540,1696206549,99.99995827674866
1696206550,1696206559,100.0
1696206560,1696206569,100.0
1696206570,1696206579,100.0
1696206580,1696206589,100.0
1696206590,1696206599,99.99995231628418
1696206600,1696206609,99.99998211860657
1696206610,1696206619,100.0
1696206620,1696206629,100.0
1696206630,1696206639,100.0
1696206640,1696206649,99.99992847442627
1696206650,1696206659,99.9998688697815
1696206660,1696206669,99.99997615814209
1696206670,1696206679,99.99989867210388
1696206680,1696206689,99.99985694885254
1696206690,1696206699,99.99992251396179
1696206700,1696206709,100.0
1696206710,1696206719,100.0
1696206720,1696206729,100.0
1696206730,1696206739,100.0
1696206740,1696206749,99.99995231628418
1696206750,1696206759,99.99998807907104
1696206760,1696206769,100.0
1696206770,1696206779,100.0
1696206780,1696206789,99.99973177909851
1696206790,1696206799,99.99996423721313
1696206800,1696206809,99.99961853027344
1696206810,1696206819,99.9998152256012
1696206820,1696206829,99.99997615814209
1696206830,1696206839,99.99982118606567
1696206840,1696206849,99.99997615814209
1696206850,1696206859,100.0
1696206860,1696206869,99.99998211860657
1696206870,1696206879,99.99998807907104
1696206880,1696206889,100.0
1696206890,1696206899,100.0
1696206900,1696206909,99.99969005584717
1696206910,1696206919,99.99960064888
1696206920,1696206929,99.99865293502808
1696206930,1696206939,100.0
1696206940,1696206949,100.0
1696206950,1696206959,99.99908804893494
1696206960,1696206969,99.99987483024597
1696206970,1696206979,99.99933242797852
1696206980,1696206989,100.0
1696206990,1696206999,99.99870657920837
1696207000,1696207009,99.99979734420776
1696207010,1696207019,99.99918341636658
1696207020,1696207029,99.99999403953552
1696207030,1696207039,99.9998152256012
1696207040,1696207049,99.99995231628418
1696207050,1696207059,99.99997019767761
1696207060,1696207069,99.99999403953552
1696207070,1696207079,99.99991655349731
1696207080,1696207089,99.99995231628418
1696207090,1696207099,99.99997615814209
1696207100,1696207109,99.9971091747284
1696207110,1696207119,100.0
1696207120,1696207129,100.0
1696207130,1696207139,99.99976754188538
1696207140,1696207149,99.99999403953552
1696207150,1696207159,100.0
1696207160,1696207169,99.99998807907104
1696207170,1696207179,99.9999463558197
1696207180,1696207189,99.99991059303284
1696207190,1696207199,100.0
1696207200,1696207209,99.99998211860657
1696207210,1696207219,99.99991059303284
1696207220,1696207229,100.0
1696207230,1696207239,99.99997019767761
1696207240,1696207249,99.999338388443
1696207250,1696207259,100.0
1696207260,1696207269,99.99933242797852
1696207270,1696207279,99.99998807907104
1696207280,1696207289,99.99998807907104
1696207290,1696207299,99.99998211860657
1696207300,1696207309,99.99999403953552
1696207310,1696207319,99.9998927116394
1696207320,1696207329,99.99995827674866
1696207330,1696207339,99.99969601631165
1696207340,1696207349,99.99998211860657
1696207350,1696207359,99.99743103981018
1696207360,1696207369,100.0
1696207370,1696207379,99.99998807907104
1696207380,1696207389,100.0
1696207390,1696207399,99.99991059303284
1696207400,1696207409,100.0
1696207410,1696207419,100.0
1696207420,1696207429,100.0
1696207430,1696207439,100.0
1696207440,1696207449,99.99994039535522
1696207450,1696207459,100.0
1696207460,1696207469,100.0
1696207470,1696207479,99.99979138374329
1696207480,1696207489,100.0
1696207490,1696207499,99.99997615814209
1696207500,1696207509,99.99980926513672
1696207510,1696207519,99.99991655349731
1696207520,1696207529,99.99999403953552
1696207530,1696207539,100.0
1696207540,1696207549,100.0
1696207550,1696207559,100.0
1696207560,1696207569,100.0
1696207570,1696207579,100.0
1696207580,1696207589,99.99995827674866
1696207590,1696207599,100.0
1696207600,1696207609,100.0
1696207610,1696207619,99.99988675117493
1696207620,1696207629,100.0
1696207630,1696207639,99.99989867210388
1696207640,1696207649,99.99997615814209
1696207650,1696207659,99.99989867210388
1696207660,1696207669,100.0
1696207670,1696207679,100.0
1696207680,1696207689,100.0
1696207690,1696207699,99.99979138374329
1696207700,1696207709,99.9999463558197
1696207710,1696207719,100.0
1696207720,1696207729,99.99997615814209
1696207730,1696207739,100.0
1696207740,1696207749,100.0
1696207750,1696207759,99.99997019767761
1696207760,1696207769,99.99964237213135
1696207770,1696207779,100.0
1696207780,1696207789,100.0
1696207790,1696207799,100.0
1696207800,1696207809,99.99994039535522
1696207810,1696207819,100.0
1696207820,1696207829,99.99927282333374
1696207830,1696207839,99.9998927116394
1696207840,1696207849,100.0
1696207850,1696207859,99.99957084655762
1696207860,1696207869,100.0
1696207870,1696207879,99.99683499336243
1696207880,1696207889,99.99999403953552
1696207890,1696207899,99.99991655349731
1696207900,1696207909,99.99736547470093
1696207910,1696207919,100.0
1696207920,1696207929,99.99998211860657
1696207930,1696207939,99.99998807907104
1696207940,1696207949,100.0
1696207950,1696207959,100.0
1696207960,1696207969,100.0
1696207970,1696207979,100.0
1696207980,1696207989,99.99997615814209
1696207990,1696207999,100.0
1696208000,1696208009,99.99861717224121
1696208010,1696208019,99.99985694885254
1696208020,1696208029,100.0
1696208030,1696208039,99.99990463256836
1696208040,1696208049,100.0
1696208050,1696208059,99.99996423721313
1696208060,1696208069,100.0
1696208070,1696208079,100.0
1696208080,1696208089,99.99994039535522
1696208090,1696208099,99.99991655349731
1696208100,1696208109,99.99999403953552
1696208110,1696208119,99.99973177909851
1696208120,1696208129,100.0
1696208130,1696208139,99.99929666519165
1696208140,1696208149,100.0
1696208150,1696208159,99.99843239784241
1696208160,1696208169,99.99998807907104
1696208170,1696208179,99.99984502792358
1696208180,1696208189,99.99998807907104
1696208190,1696208199,100.0
1696208200,1696208209,100.0
1696208210,1696208219,100.0
1696208220,1696208229,100.0
1696208230,1696208239,100.0
1696208240,1696208249,100.0
1696208250,1696208259,99.9998688697815
1696208260,1696208269,99.99968409538269
1696208270,1696208279,99.99999403953552
1696208280,1696208289,99.99991655349731
1696208290,1696208299,100.0
1696208300,1696208309,99.9999463558197
1696208310,1696208319,99.99998807907104
1696208320,1696208329,100.0
1696208330,1696208339,100.0
1696208340,1696208349,100.0
1696208350,1696208359,100.0
1696208360,1696208369,99.99990463256836
1696208370,1696208379,99.99998807907104
1696208380,1696208389,100.0
1696208390,1696208399,99.99838471412659
1696208400,1696208409,100.0
1696208410,1696208419,100.0
1696208420,1696208429,100.0
1696208430,1696208439,100.0
1696208440,1696208449,99.99998807907104
1696208450,1696208459,99.99992251396179
1696208460,1696208469,99.99908208847046
1696208470,1696208479,99.99846816062927
1696208480,1696208489,99.99999403953552
1696208490,1696208499,100.0
1696208500,1696208509,99.99997019767761
1696208510,1696208519,100.0
1696208520,1696208529,99.99963641166687
1696208530,1696208539,99.99713897705078
1696208540,1696208549,100.0
1696208550,1696208559,99.99999403953552
1696208560,1696208569,100.0
1696208570,1696208579,99.99998211860657
1696208580,1696208589,99.99999403953552
1696208590,1696208599,99.99977350234985
1696208600,1696208609,99.99982118606567
1696208610,1696208619,99.99988675117493
1696208620,1696208629,100.0
1696208630,1696208639,99.99999403953552
1696208640,1696208649,99.99995231628418
1696208650,1696208659,99.99997019767761
1696208660,1696208669,100.0
1696208670,1696208679,100.0
1696208680,1696208689,99.99963641166687
1696208690,1696208699,99.99998211860657
1696208700,1696208709,99.9999463558197
1696208710,1696208719,99.99998807907104
1696208720,1696208729,100.0
1696208730,1696208739,99.9999463558197
1696208740,1696208749,100.0
1696208750,1696208759,100.0
1696208760,1696208769,99.99068975448608
1696208770,1696208779,99.99997615814209
1696208780,1696208789,99.99619722366333
1696208790,1696208799,99.99998807907104
1696208801,1696208809,99.96941685676575
1696208810,1696208819,99.99997019767761
1696208820,1696208829,99.99999403953552
1696208830,1696208839,99.9981939792633
1696208840,1696208849,99.99990463256836
1696208850,1696208859,99.9998927116394
1696208860,1696208869,99.99999403953552
1696208870,1696208879,99.99995827674866
1696208880,1696208889,99.99988079071045
1696208890,1696208899,99.99998807907104
1696208900,1696208909,99.99960064888
1696208910,1696208919,99.99992847442627
1696208920,1696208929,99.99914765357971
1696208930,1696208939,99.99999403953552
1696208940,1696208949,100.0
1696208950,1696208959,99.99997615814209
1696208960,1696208969,100.0
1696208970,1696208979,99.99998807907104
1696208980,1696208989,99.99999403953552
1696208990,1696208999,99.99997019767761
1696209000,1696209009,99.9993622303009
1696209010,1696209019,100.0
1696209020,1696209029,99.99997019767761
1696209030,1696209039,100.0
1696209040,1696209049,99.99999403953552
1696209050,1696209059,99.99999403953552
1696209060,1696209069,100.0
1696209070,1696209079,99.99997615814209
1696209080,1696209089,99.83219504356384
1696209090,1696209099,100.0
1696209100,1696209109,99.99996423721313
1696209110,1696209119,99.99999403953552
1696209120,1696209129,100.0
1696209130,1696209139,99.99997019767761
1696209140,1696209149,100.0
1696209150,1696209159,100.0
1696209160,1696209169,99.99999403953552
1696209170,1696209179,99.99685287475586
1696209180,1696209189,99.99982714653015
1696209190,1696209199,100.0
1696209200,1696209209,99.99998807907104
1696209210,1696209219,100.0
1696209220,1696209229,100.0
1696209230,1696209239,100.0
1696209240,1696209249,100.0
1696209250,1696209259,100.0
1696209260,1696209269,99.99975562095642
1696209270,1696209279,100.0
1696209280,1696209289,99.99998807907104
1696209290,1696209299,100.0
1696209300,1696209309,99.99995827674866
1696209310,1696209319,100.0
1696209320,1696209329,99.99997019767761
1696209330,1696209339,99.996417760849
1696209340,1696209349,99.9998688697815
1696209350,1696209359,100.0
1696209360,1696209369,99.99986290931702
1696209370,1696209379,99.99991059303284
1696209380,1696209389,100.0
1696209390,1696209399,94.34216618537903
1696209400,1696209409,100.0
1696209410,1696209419,99.99992251396179
1696209420,1696209429,99.99998211860657
1696209430,1696209439,99.99982714653015
1696209440,1696209449,99.99925494194031
1696209450,1696209459,99.9998927116394
1696209460,1696209469,99.99817609786987
1696209470,1696209479,100.0
1696209480,1696209489,99.99871850013733
1696209490,1696209499,99.99977946281433
1696209500,1696209509,99.99996423721313
1696209510,1696209519,99.95035529136658
1696209520,1696209529,100.0
1696209530,1696209539,100.0
1696209540,1696209549,100.0
1696209550,1696209559,99.99998807907104
1696209560,1696209569,99.99998807907104
1696209570,1696209579,100.0
1696209580,1696209589,99.99975562095642
1696209590,1696209599,99.99996423721313
1696209600,1696209609,99.99989867210388
1696209610,1696209618,100.0
1696209620,1696209629,99.99361634254456
1696209630,1696209639,99.99999403953552
1696209640,1696209649,99.99985098838806
1696209650,1696209659,99.92423057556152
1696209660,1696209669,99.99908804893494
1696209670,1696209679,99.7646689414978
1696209680,1696209689,99.33554530143738
1696209690,1696209699,86.4805519580841
1696209700,1696209709,99.99826550483704
1696209710,1696209719,99.99999403953552
1696209720,1696209729,100.0
1696209730,1696209739,99.99995231628418
1696209740,1696209749,100.0
1696209750,1696209759,100.0
1696209760,1696209769,99.9998927116394
1696209770,1696209779,100.0
1696209780,1696209789,100.0
1696209790,1696209799,100.0
1696209800,1696209809,100.0
1696209810,1696209819,100.0
1696209820,1696209829,100.0
1696209830,1696209839,99.99011158943176
1696209840,1696209849,99.99997615814209
1696209850,1696209859,100.0
1696209860,1696209869,100.0
1696209870,1696209879,99.99972581863403
1696209880,1696209889,99.99992251396179
1696209890,1696209899,100.0
1696209900,1696209909,100.0
1696209910,1696209919,99.99998807907104
1696209920,1696209929,99.99926686286926
1696209930,1696209939,99.99996423721313
1696209940,1696209949,99.99992251396179
1696209950,1696209959,99.98619556427002
1696209960,1696209969,100.0
1696209970,1696209979,99.99998807907104
1696209980,1696209989,100.0
1696209990,1696209999,100.0
1696210000,1696210009,100.0
1696210010,1696210019,100.0
1696210020,1696210029,99.99802708625793
1696210030,1696210039,99.99999403953552
1696210040,1696210049,100.0
1696210050,1696210059,100.0
1696210060,1696210069,100.0
1696210070,1696210079,99.9997079372406
1696210080,1696210089,99.99998211860657
1696210090,1696210099,100.0
1696210100,1696210109,100.0
1696210110,1696210119,99.99998807907104
1696210120,1696210129,100.0
1696210130,1696210139,99.99998807907104
1696210140,1696210149,100.0
1696210150,1696210159,99.99999403953552
1696210160,1696210169,100.0
1696210170,1696210179,99.99998807907104
1696210180,1696210189,100.0
1696210190,1696210199,99.99999403953552
1696210200,1696210209,99.99999403953552
1696210210,1696210219,99.99988079071045
1696210220,1696210229,99.99998807907104
1696210230,1696210239,99.99807476997375
1696210240,1696210249,100.0
1696210250,1696210259,99.99996423721313
1696210260,1696210269,99.99974370002747
1696210270,1696210279,99.99999403953552
1696210280,1696210289,99.99999403953552
1696210290,1696210299,100.0
1696210300,1696210309,99.99997019767761
1696210310,1696210319,100.0
1696210320,1696210329,100.0
1696210330,1696210339,99.99999403953552
1696210340,1696210349,99.99750852584839
1696210350,1696210359,99.99998211860657
1696210360,1696210369,100.0
1696210370,1696210379,99.99998211860657
1696210380,1696210389,100.0
1696210390,1696210399,100.0
1696210400,1696210409,100.0
1696210410,1696210419,100.0
1696210420,1696210429,100.0
1696210430,1696210439,99.99993443489075
1696210440,1696210449,100.0
1696210450,1696210459,100.0
1696210460,1696210469,99.99845027923584
1696210470,1696210479,99.99998807907104
1696210480,1696210489,99.99998807907104
1696210490,1696210499,100.0
1696210500,1696210509,99.99999403953552
1696210510,1696210519,100.0
1696210520,1696210529,99.99997019767761
1696210530,1696210539,99.99998807907104
1696210540,1696210549,100.0
1696210550,1696210559,100.0
1696210560,1696210569,99.99997615814209
1696210570,1696210579,99.99980926513672
1696210580,1696210589,99.99995231628418
1696210590,1696210599,99.99932050704956
1696210600,1696210609,100.0
1696210610,1696210619,99.99943375587463
1696210620,1696210629,99.9999463558197
1696210630,1696210639,100.0
1696210640,1696210649,99.99979734420776
1696210650,1696210659,99.99788999557495
1696210660,1696210669,100.0
1696210670,1696210679,100.0
1696210680,1696210689,100.0
1696210690,1696210699,99.99995231628418
1696210700,1696210709,100.0
1696210710,1696210719,99.99998211860657
1696210720,1696210729,99.99998807907104
1696210730,1696210739,100.0
1696210740,1696210749,100.0
1696210750,1696210759,99.99997019767761
1696210760,1696210769,100.0
1696210770,1696210779,100.0
1696210780,1696210789,99.99997615814209
1696210790,1696210799,99.99998211860657
1696210800,1696210809,99.99997019767761
1696210810,1696210819,99.99997615814209
1696210820,1696210829,99.99970197677612
1696210830,1696210839,99.99976754188538
1696210840,1696210849,100.0
1696210850,1696210859,100.0
1696210860,1696210869,100.0
1696210870,1696210879,100.0
1696210880,1696210889,99.99999403953552
1696210890,1696210899,100.0
1696210900,1696210909,99.99998807907104
1696210910,1696210919,100.0
1696210920,1696210929,100.0
1696210930,1696210939,99.99999403953552
1696210940,1696210949,100.0
1696210950,1696210959,100.0
1696210960,1696210969,100.0
1696210970,1696210979,100.0
1696210980,1696210989,99.99998211860657
1696210990,1696210999,100.0
1696211000,1696211009,100.0
1696211010,1696211019,100.0
1696211020,1696211029,100.0
1696211030,1696211039,100.0
1696211040,1696211049,100.0
1696211050,1696211059,99.99997019767761
1696211060,1696211069,100.0
1696211070,1696211079,100.0
1696211080,1696211089,99.99999403953552
1696211090,1696211099,100.0
1696211100,1696211109,100.0
1696211110,1696211119,100.0
1696211120,1696211129,99.99998807907104
1696211130,1696211139,99.99993443489075
1696211140,1696211149,100.0
1696211150,1696211159,100.0
1696211160,1696211169,100.0
1696211170,1696211179,100.0
1696211180,1696211189,100.0
1696211190,1696211199,99.99942183494568
1696211200,1696211209,100.0
1696211210,1696211219,99.68016743659973
1696211220,1696211229,100.0
1696211230,1696211239,100.0
1696211240,1696211249,100.0
1696211250,1696211259,100.0
1696211260,1696211269,100.0
1696211270,1696211279,100.0
1696211280,1696211289,99.99999403953552
1696211290,1696211299,99.99998807907104
1696211300,1696211309,99.99998807907104
1696211310,1696211319,99.9997615814209
1696211320,1696211329,100.0
1696211330,1696211339,99.99997615814209
1696211340,1696211349,100.0
1696211350,1696211359,99.99998807907104
1696211360,1696211369,99.99996423721313
1696211370,1696211379,100.0
1696211380,1696211389,99.99998807907104
1696211390,1696211399,99.99998807907104
1696211400,1696211409,99.99998211860657
1696211410,1696211419,100.0
1696211420,1696211429,99.99959468841553
1696211430,1696211439,99.99961256980896
1696211440,1696211449,99.99951720237732
1696211450,1696211459,99.99998211860657
1696211460,1696211469,100.0
1696211470,1696211479,99.99999403953552
1696211480,1696211489,100.0
1696211490,1696211499,99.99276995658875
1696211500,1696211509,99.99999403953552
1696211510,1696211519,100.0
1696211520,1696211529,99.9996542930603
1696211530,1696211539,100.0
1696211540,1696211549,99.99989867210388
1696211550,1696211559,100.0
1696211560,1696211569,100.0
1696211570,1696211579,100.0
1696211580,1696211589,100.0
1696211590,1696211599,99.99994039535522
1696211600,1696211609,99.99995827674866
1696211610,1696211619,99.99998211860657
1696211620,1696211629,100.0
1696211630,1696211639,99.99997019767761
1696211640,1696211649,99.99828338623047
1696211650,1696211659,99.9999463558197
1696211660,1696211669,100.0
1696211670,1696211679,99.99994039535522
1696211680,1696211689,99.99974370002747
1696211690,1696211699,100.0
1696211700,1696211709,99.99995231628418
1696211710,1696211719,100.0
1696211720,1696211729,99.99991059303284
1696211730,1696211739,100.0
1696211740,1696211749,100.0
1696211750,1696211759,100.0
1696211760,1696211769,100.0
1696211770,1696211779,100.0
1696211780,1696211789,100.0
1696211790,1696211799,99.99999403953552
1696211800,1696211809,99.99999403953552
1696211810,1696211819,100.0
1696211820,1696211829,100.0
1696211830,1696211839,100.0
1696211840,1696211849,100.0
1696211850,1696211859,99.99998807907104
1696211860,1696211869,100.0
1696211870,1696211879,99.99998211860657
1696211880,1696211889,100.0
1696211890,1696211899,100.0
1696211900,1696211909,100.0
1696211910,1696211919,100.0
1696211920,1696211929,99.99998807907104
1696211930,1696211939,100.0
1696211940,1696211949,100.0
1696211950,1696211959,99.99977350234985
1696211960,1696211969,100.0
1696211970,1696211979,100.0
1696211980,1696211989,100.0
1696211990,1696211999,100.0
1696212000,1696212009,99.9998927116394
1696212010,1696212019,100.0
1696212020,1696212029,100.0
1696212030,1696212039,100.0
1696212040,1696212049,99.99969005584717
1696212050,1696212059,100.0
1696212060,1696212069,99.99764561653137
1696212070,1696212079,99.99999403953552
1696212080,1696212089,100.0
1696212090,1696212099,99.99998807907104
1696212100,1696212109,99.99947547912598
1696212110,1696212119,100.0
1696212120,1696212129,100.0
1696212130,1696212139,100.0
1696212140,1696212149,100.0
1696212150,1696212159,99.99998211860657
1696212160,1696212169,99.99985694885254
1696212170,1696212179,100.0
1696212180,1696212189,99.99979734420776
1696212190,1696212199,99.99955892562866
1696212200,1696212209,99.99997615814209
1696212210,1696212219,100.0
1696212220,1696212229,100.0
1696212230,1696212239,99.99958276748657
1696212240,1696212249,99.99999403953552
1696212250,1696212259,100.0
1696212260,1696212269,99.99998807907104
1696212270,1696212279,99.99988675117493
1696212280,1696212289,99.99496936798096
1696212290,1696212299,99.99998211860657
1696212300,1696212309,99.99960660934448
1696212310,1696212319,99.99973177909851
1696212320,1696212329,99.99997615814209
1696212330,1696212339,99.99998807907104
1696212340,1696212349,99.99943971633911
1696212350,1696212359,99.98953938484192
1696212360,1696212369,99.99999403953552
1696212370,1696212379,99.99998211860657
1696212380,1696212389,100.0
1696212390,1696212399,100.0
1696212400,1696212409,99.9990701675415
1696212410,1696212419,100.0
1696212420,1696212429,99.99999403953552
1696212430,1696212439,99.99998807907104
1696212440,1696212449,100.0
1696212450,1696212459,100.0
1696212460,1696212469,99.99575018882751
1696212470,1696212479,100.0
1696212480,1696212489,100.0
1696212490,1696212499,100.0
1696212500,1696212509,99.9987006187439
1696212510,1696212519,100.0
1696212520,1696212529,99.99967217445374
1696212530,1696212539,100.0
1696212540,1696212549,100.0
1696212550,1696212559,100.0
1696212560,1696212569,100.0
1696212570,1696212579,100.0
1696212580,1696212589,99.98538494110107
1696212590,1696212599,100.0
1696212600,1696212609,99.99988675117493
1696212610,1696212619,100.0
1696212620,1696212629,100.0
1696212630,1696212639,99.99995827674866
1696212640,1696212649,99.9998927116394
1696212650,1696212659,99.99999403953552
1696212660,1696212669,99.99969005584717
1696212670,1696212679,99.99998211860657
1696212680,1696212689,100.0
1696212690,1696212699,100.0
1696212700,1696212709,100.0
1696212710,1696212719,99.99994039535522
1696212720,1696212729,99.99998807907104
1696212730,1696212739,100.0
1696212740,1696212749,99.99984502792358
1696212750,1696212759,99.99985694885254
1696212760,1696212769,99.99992847442627
1696212770,1696212779,99.99995231628418
1696212780,1696212789,99.99987483024597
1696212790,1696212799,100.0
1696212800,1696212809,99.99571442604065
1696212810,1696212819,99.99960064888
1696212820,1696212829,100.0
1696212830,1696212839,99.99902248382568
1696212840,1696212849,99.99998211860657
1696212850,1696212859,99.99996423721313
1696212860,1696212869,99.99971985816956
1696212870,1696212879,100.0
1696212880,1696212889,100.0
1696212890,1696212899,99.99984502792358
1696212900,1696212909,100.0
1696212910,1696212919,99.99991655349731
1696212920,1696212929,100.0
1696212930,1696212939,99.99999403953552
1696212940,1696212949,100.0
1696212950,1696212959,100.0
1696212960,1696212969,100.0
1696212970,1696212979,100.0
1696212980,1696212989,100.0
1696212990,1696212999,99.99977350234985
1696213000,1696213009,100.0
1696213010,1696213019,99.99998807907104
1696213020,1696213029,99.99857544898987
1696213030,1696213039,99.99998211860657
1696213040,1696213049,99.99885559082031
1696213050,1696213059,99.99999403953552
1696213060,1696213069,100.0
1696213070,1696213079,100.0
1696213080,1696213089,100.0
1696213090,1696213099,100.0
1696213100,1696213109,100.0
1696213110,1696213119,100.0
1696213120,1696213129,100.0
1696213130,1696213139,99.99999403953552
1696213140,1696213149,99.99998807907104
1696213150,1696213159,100.0
1696213160,1696213169,99.99998807907104
1696213170,1696213179,100.0
1696213180,1696213189,100.0
1696213190,1696213199,99.99998211860657
1696213200,1696213209,100.0
1696213210,1696213219,100.0
1696213220,1696213229,99.99997019767761
1696213230,1696213239,100.0
1696213240,1696213249,99.9999463558197
1696213250,1696213259,99.99995231628418
1696213260,1696213269,100.0
1696213270,1696213279,100.0
1696213280,1696213289,100.0
1696213290,1696213299,100.0
1696213300,1696213309,100.0
1696213310,1696213319,99.99991059303284
1696213320,1696213329,100.0
1696213330,1696213339,99.99997615814209
1696213340,1696213349,100.0
1696213350,1696213359,99.99998211860657
1696213360,1696213369,99.99989867210388
1696213370,1696213379,100.0
1696213380,1696213389,99.99997615814209
1696213390,1696213399,100.0
1696213400,1696213409,99.99995231628418
1696213410,1696213419,99.99997019767761
1696213420,1696213429,100.0
1696213430,1696213439,99.99998807907104
1696213440,1696213449,100.0
1696213450,1696213459,100.0
1696213460,1696213469,100.0
1696213470,1696213479,99.99999403953552
1696213480,1696213489,99.99989867210388
1696213490,1696213499,100.0
1696213500,1696213509,99.99998807907104
1696213510,1696213519,99.99752640724182
1696213520,1696213529,100.0
1696213530,1696213539,99.99997019767761
1696213540,1696213549,100.0
1696213550,1696213559,99.99995231628418
1696213560,1696213569,100.0
1696213570,1696213579,100.0
1696213580,1696213589,100.0
1696213590,1696213599,100.0
1696213600,1696213609,99.99997615814209
1696213610,1696213619,100.0
1696213620,1696213629,100.0
1696213630,1696213639,99.99999403953552
1696213640,1696213649,100.0
1696213650,1696213659,99.99960064888
1696213660,1696213669,99.9976098537445
1696213670,1696213679,99.99999403953552
1696213680,1696213689,99.99999403953552
1696213690,1696213699,99.99929666519165
1696213700,1696213709,100.0
1696213710,1696213719,100.0
1696213720,1696213729,100.0
1696213730,1696213739,99.9999463558197
1696213740,1696213749,100.0
1696213750,1696213759,99.99995231628418
1696213760,1696213769,99.99997019767761
1696213770,1696213779,100.0
1696213780,1696213789,100.0
1696213790,1696213799,100.0
1696213800,1696213809,99.99989867210388
1696213810,1696213819,99.99997019767761
1696213820,1696213829,99.99973773956299
1696213830,1696213839,100.0
1696213840,1696213849,100.0
1696213850,1696213859,99.99998807907104
1696213860,1696213869,99.99992251396179
1696213870,1696213879,100.0
1696213880,1696213889,100.0
1696213891,1696213899,99.99998211860657
1696213900,1696213909,100.0
1696213910,1696213919,99.99998807907104
1696213920,1696213929,100.0
1696213930,1696213939,100.0
1696213940,1696213949,100.0
1696213950,1696213959,100.0
1696213960,1696213969,100.0
1696213970,1696213979,99.99998807907104
1696213980,1696213989,100.0
1696213990,1696213999,100.0
1696214000,1696214009,100.0
1696214010,1696214019,99.99999403953552
1696214020,1696214029,100.0
1696214030,1696214039,99.99982118606567
1696214040,1696214049,99.99998807907104
1696214050,1696214059,100.0
1696214060,1696214069,100.0
1696214070,1696214079,100.0
1696214080,1696214089,99.99997615814209
1696214090,1696214099,99.99992847442627
1696214100,1696214109,99.99998807907104
1696214110,1696214119,99.99999403953552
1696214120,1696214129,99.99987483024597
1696214130,1696214139,99.99999403953552
1696214140,1696214149,99.99991059303284
1696214150,1696214159,100.0
1696214160,1696214169,99.99996423721313
1696214170,1696214179,100.0
1696214180,1696214189,99.99999403953552
1696214190,1696214199,100.0
1696214200,1696214209,100.0
1696214210,1696214219,100.0
1696214220,1696214229,99.99999403953552
1696214230,1696214239,100.0
1696214240,1696214249,99.99808669090271
1696214250,1696214259,100.0
1696214260,1696214269,99.99999403953552
1696214270,1696214279,100.0
1696214280,1696214289,99.99998807907104
1696214290,1696214299,100.0
1696214300,1696214309,100.0
1696214310,1696214319,99.99999403953552
1696214320,1696214329,99.99998807907104
1696214330,1696214339,99.99998211860657
1696214340,1696214349,99.99996423721313
1696214350,1696214359,99.99998807907104
1696214360,1696214369,100.0
1696214370,1696214379,100.0
1696214380,1696214389,100.0
1696214390,1696214399,99.98916983604431
1696214400,1696214409,100.0
1696214410,1696214419,99.99997615814209
1696214420,1696214429,99.97317790985107
1696214430,1696214439,99.99999403953552
1696214440,1696214449,100.0
1696214450,1696214459,100.0
1696214460,1696214469,99.9998688697815
1696214470,1696214479,100.0
1696214480,1696214489,99.99985694885254
1696214490,1696214499,100.0
1696214500,1696214509,99.99972581863403
1696214510,1696214519,100.0
1696214520,1696214529,100.0
1696214530,1696214539,100.0
1696214540,1696214549,99.99998807907104
1696214550,1696214559,100.0
1696214560,1696214569,99.99998211860657
1696214570,1696214579,100.0
1696214580,1696214589,100.0
1696214590,1696214599,100.0
1696214600,1696214609,100.0
1696214610,1696214619,100.0
1696214620,1696214629,99.99998807907104
1696214630,1696214639,100.0
1696214640,1696214649,99.99999403953552
1696214650,1696214659,99.99999403953552
1696214660,1696214669,100.0
1696214670,1696214679,100.0
1696214680,1696214689,99.99999403953552
1696214690,1696214699,100.0
1696214700,1696214709,100.0
1696214710,1696214719,100.0
1696214720,1696214729,99.9998688697815
1696214730,1696214739,100.0
1696214740,1696214749,100.0
1696214750,1696214759,99.99424815177917
1696214760,1696214769,99.74627494812012
1696214770,1696214779,99.99915361404419
1696214780,1696214789,99.99998807907104
1696214790,1696214799,99.99996423721313
1696214800,1696214809,99.9997615814209
1696214810,1696214819,99.99996423721313
1696214820,1696214829,99.99998807907104
1696214830,1696214839,100.0
1696214840,1696214849,99.99998807907104
1696214850,1696214859,99.99999403953552
1696214860,1696214869,100.0
1696214870,1696214879,99.99889135360718
1696214880,1696214889,99.99994039535522
1696214890,1696214899,99.99659061431885
1696214900,1696214909,100.0
1696214910,1696214919,100.0
1696214920,1696214929,100.0
1696214930,1696214939,99.99993443489075
1696214940,1696214949,99.99926686286926
1696214950,1696214959,99.99999403953552
1696214960,1696214969,99.99998807907104
1696214970,1696214979,99.99999403953552
1696214980,1696214989,100.0
1696214990,1696214999,100.0
1696215000,1696215009,100.0
1696215010,1696215019,99.99997615814209
1696215020,1696215029,100.0
1696215030,1696215039,100.0
1696215040,1696215049,100.0
1696215050,1696215059,99.99831318855286
1696215060,1696215069,100.0
1696215070,1696215079,99.99998807907104
1696215080,1696215089,99.99998807907104
1696215090,1696215099,100.0
1696215100,1696215109,100.0
1696215110,1696215119,100.0
1696215120,1696215129,100.0
1696215130,1696215139,99.99985098838806
1696215140,1696215149,100.0
1696215150,1696215159,100.0
1696215160,1696215169,100.0
1696215170,1696215179,99.9999463558197
1696215180,1696215189,99.99871253967285
1696215190,1696215199,99.99998807907104
1696215200,1696215209,100.0
1696215210,1696215219,100.0
1696215220,1696215229,100.0
1696215230,1696215239,100.0
1696215240,1696215249,100.0
1696215250,1696215259,99.99995231628418
1696215260,1696215269,100.0
1696215270,1696215279,99.99997019767761
1696215280,1696215289,100.0
1696215290,1696215299,100.0
1696215300,1696215309,100.0
1696215310,1696215319,99.9991238117218
1696215320,1696215329,99.99992847442627
1696215330,1696215339,100.0
1696215340,1696215349,99.98941421508789
1696215350,1696215359,99.99844431877136
1696215360,1696215369,99.9988853931427
1696215370,1696215379,99.99992847442627
1696215380,1696215389,99.99998807907104
1696215390,1696215399,99.99783635139465
1696215400,1696215409,99.96306896209717
1696215410,1696215419,99.99998211860657
1696215420,1696215429,99.99987483024597
1696215430,1696215439,99.99656081199646
1696215440,1696215449,99.99997615814209
1696215450,1696215459,99.99998211860657
1696215460,1696215469,100.0
1696215470,1696215479,99.99958276748657
1696215480,1696215489,99.99997019767761
1696215490,1696215499,100.0
1696215500,1696215509,100.0
1696215510,1696215519,99.99963045120239
1696215520,1696215529,99.9991238117218
1696215530,1696215539,99.99892711639404
1696215540,1696215549,99.99996423721313
1696215550,1696215559,99.99999403953552
1696215560,1696215569,99.99996423721313
1696215570,1696215579,99.99468922615051
1696215580,1696215589,99.99991655349731
1696215590,1696215599,99.99998807907104
1696215600,1696215609,99.99811053276062
1696215610,1696215619,100.0
1696215620,1696215629,99.99992847442627
1696215630,1696215639,100.0
1696215640,1696215649,99.99996423721313
1696215650,1696215659,100.0
1696215660,1696215669,99.99998211860657
1696215670,1696215679,99.99997615814209
1696215680,1696215689,99.99998807907104
1696215690,1696215699,100.0
1696215700,1696215709,100.0
1696215710,1696215719,99.99992251396179
1696215720,1696215729,99.99994039535522
1696215730,1696215739,99.99984502792358
1696215740,1696215749,99.99989867210388
1696215750,1696215759,99.99996423721313
1696215760,1696215769,100.0
1696215770,1696215779,100.0
1696215780,1696215789,100.0
1696215790,1696215799,99.99998807907104
1696215800,1696215809,99.99990463256836
1696215810,1696215819,98.61856698989868
1696215820,1696215829,99.93804097175598
1696215830,1696215839,100.0
1696215840,1696215849,100.0
1696215850,1696215859,99.99992847442627
1696215860,1696215869,99.97112154960632
1696215870,1696215879,100.0
1696215880,1696215889,100.0
1696215890,1696215899,100.0
1696215900,1696215909,100.0
1696215910,1696215919,99.99985694885254
1696215920,1696215929,99.99995231628418
1696215930,1696215939,99.99990463256836
1696215940,1696215949,99.99998211860657
1696215950,1696215959,99.99995827674866
1696215960,1696215969,99.99998211860657
1696215970,1696215979,99.99997615814209
1696215980,1696215989,99.99997019767761
1696215990,1696215999,99.99999403953552
1696216000,1696216009,100.0
1696216010,1696216019,99.99992847442627
1696216020,1696216029,100.0
1696216030,1696216039,100.0
1696216040,1696216049,100.0
1696216050,1696216059,99.99999403953552
1696216060,1696216069,100.0
1696216070,1696216079,99.99995231628418
1696216080,1696216089,99.99997019767761
1696216090,1696216099,100.0
1696216100,1696216109,100.0
1696216110,1696216119,100.0
1696216120,1696216129,100.0
1696216130,1696216139,100.0
1696216140,1696216149,99.99998807907104
1696216150,1696216159,99.99991059303284
1696216160,1696216169,100.0
1696216170,1696216179,100.0
1696216180,1696216189,99.99999403953552
1696216190,1696216199,100.0
1696216200,1696216209,100.0
1696216210,1696216219,100.0
1696216220,1696216229,100.0
1696216230,1696216239,99.99999403953552
1696216240,1696216249,100.0
1696216250,1696216259,99.97310638427734
1696216260,1696216269,99.99998807907104
1696216270,1696216279,99.99996423721313
1696216280,1696216289,100.0
1696216290,1696216299,100.0
1696216300,1696216309,99.99974370002747
1696216310,1696216319,99.99998807907104
1696216320,1696216329,99.99997615814209
1696216330,1696216339,100.0
1696216340,1696216349,99.99999403953552
1696216350,1696216359,100.0
1696216360,1696216369,100.0
1696216370,1696216379,99.99998211860657
1696216380,1696216389,100.0
1696216390,1696216399,100.0
1696216400,1696216409,100.0
1696216410,1696216419,99.99999403953552
1696216420,1696216429,99.99998211860657
1696216430,1696216439,100.0
1696216440,1696216449,99.99998807907104
1696216450,1696216459,100.0
1696216460,1696216469,100.0
1696216470,1696216479,100.0
1696216480,1696216489,100.0
1696216490,1696216499,99.99904036521912
1696216500,1696216509,100.0
1696216510,1696216519,100.0
1696216520,1696216529,100.0
1696216530,1696216539,99.99998807907104
1696216540,1696216549,99.99885559082031
1696216550,1696216559,99.99931454658508
1696216560,1696216569,100.0
1696216570,1696216579,99.99984502792358
1696216580,1696216589,99.97484087944031
1696216590,1696216599,99.99998211860657
1696216600,1696216609,100.0
1696216610,1696216619,99.99993443489075
1696216620,1696216629,100.0
1696216630,1696216639,99.99997019767761
1696216640,1696216649,100.0
1696216650,1696216659,100.0
1696216660,1696216669,99.99998807907104
1696216670,1696216679,100.0
1696216680,1696216689,99.99857544898987
1696216690,1696216699,99.99997615814209
1696216700,1696216709,99.99999403953552
1696216710,1696216719,99.99769330024719
1696216720,1696216729,99.99999403953552
1696216730,1696216739,99.948650598526
1696216740,1696216749,99.97090101242065
1696216750,1696216759,99.99991655349731
1696216760,1696216769,99.99957084655762
1696216770,1696216779,99.98438358306885
1696216780,1696216789,99.99955892562866
1696216790,1696216799,99.99516606330872
1696216800,1696216809,37.25116550922394
1696216810,1696216819,1.8142243847250938
1696216820,1696216829,52.5123655796051
1696216830,1696216839,99.5506763458252
1696216840,1696216849,100.0
1696216850,1696216859,99.99997019767761
1696216860,1696216869,99.99997615814209
1696216870,1696216879,99.9999463558197
1696216880,1696216889,100.0
1696216890,1696216899,99.99999403953552
1696216900,1696216909,99.99995231628418
1696216910,1696216919,99.99999403953552
1696216920,1696216929,99.99988675117493
1696216930,1696216939,100.0
1696216940,1696216949,99.99995231628418
1696216950,1696216959,99.99653100967407
1696216960,1696216969,99.9998927116394
1696216970,1696216979,99.96776580810547
1696216980,1696216989,93.41006278991699
1696216990,1696216999,99.99998807907104
1696217000,1696217009,99.94537830352783
1696217010,1696217019,99.99997615814209
1696217020,1696217029,99.99994039535522
1696217030,1696217039,99.9991238117218
1696217040,1696217049,100.0
1696217050,1696217059,99.99976754188538
1696217060,1696217069,100.0
1696217070,1696217079,100.0
1696217080,1696217089,99.99983310699463
1696217090,1696217099,99.99778270721436
1696217100,1696217109,100.0
1696217110,1696217119,99.99999403953552
1696217120,1696217129,100.0
1696217130,1696217139,99.99999403953552
1696217140,1696217149,100.0
1696217150,1696217159,99.99998807907104
1696217160,1696217169,100.0
1696217170,1696217179,99.99999403953552
1696217180,1696217189,100.0
1696217190,1696217199,100.0
1696217200,1696217209,100.0
1696217210,1696217219,100.0
1696217220,1696217229,100.0
1696217230,1696217239,100.0
1696217240,1696217249,99.99998807907104
1696217250,1696217259,99.99997615814209
1696217260,1696217269,100.0
1696217270,1696217279,100.0
1696217280,1696217289,100.0
1696217290,1696217299,99.99949932098389
1696217300,1696217309,99.99997019767761
1696217310,1696217319,99.99991655349731
1696217320,1696217329,100.0
1696217330,1696217339,100.0
1696217340,1696217349,100.0
1696217350,1696217359,100.0
1696217360,1696217369,99.99998807907104
1696217370,1696217379,100.0
1696217380,1696217389,99.99996423721313
1696217390,1696217399,99.99999403953552
1696217400,1696217409,99.99933242797852
1696217410,1696217419,100.0
1696217420,1696217429,99.99964237213135
1696217430,1696217439,99.99999403953552
1696217440,1696217449,99.99964833259583
1696217450,1696217459,99.99994039535522
1696217460,1696217469,99.99998807907104
1696217470,1696217479,100.0
1696217480,1696217489,99.99982118606567
1696217490,1696217499,100.0
1696217500,1696217509,99.99996423721313
1696217510,1696217519,99.99993443489075
1696217520,1696217529,99.99997615814209
1696217530,1696217539,99.99967813491821
1696217540,1696217549,100.0
1696217550,1696217559,99.99999403953552
1696217560,1696217569,100.0
1696217570,1696217579,100.0
1696217580,1696217589,100.0
1696217590,1696217599,99.99995827674866
1696217600,1696217609,100.0
1696217610,1696217619,99.99784231185913
1696217620,1696217629,100.0
1696217630,1696217639,99.99998211860657
1696217640,1696217649,99.99995827674866
1696217650,1696217659,100.0
1696217660,1696217669,100.0
1696217670,1696217679,100.0
1696217680,1696217689,100.0
1696217690,1696217699,100.0
1696217700,1696217709,100.0
1696217710,1696217719,100.0
1696217720,1696217729,100.0
1696217730,1696217739,100.0
1696217740,1696217749,100.0
1696217750,1696217759,100.0
1696217760,1696217769,100.0
1696217770,1696217779,100.0
1696217780,1696217789,100.0
1696217790,1696217799,99.99996423721313
1696217800,1696217809,100.0
1696217810,1696217819,100.0
1696217820,1696217829,100.0
1696217830,1696217839,100.0
1696217840,1696217849,100.0
1696217850,1696217859,100.0
1696217860,1696217869,99.99988079071045
1696217870,1696217879,97.81101942062378
1696217880,1696217889,99.97543096542358
1696217890,1696217899,99.89970922470093
1696217900,1696217909,99.9995231628418
1696217910,1696217919,100.0
1696217920,1696217929,99.99316334724426
1696217930,1696217939,99.89394545555115
1696217940,1696217949,99.99905824661255
1696217950,1696217959,99.99991059303284
1696217960,1696217969,99.99949336051941
1696217970,1696217979,99.99992847442627
1696217980,1696217989,98.75303506851196
1696217990,1696217999,99.85116720199585
1696218000,1696218009,99.99995231628418
1696218010,1696218019,99.99852180480957
1696218020,1696218029,99.9893069267273
1696218030,1696218039,99.9968945980072
1696218040,1696218049,99.68971610069275
1696218050,1696218059,99.99988079071045
1696218060,1696218069,99.98032450675964
1696218070,1696218079,99.99994039535522
1696218080,1696218089,99.99279975891113
1696218090,1696218099,99.99999403953552
1696218100,1696218109,99.99998807907104
1696218110,1696218119,100.0
1696218120,1696218129,100.0
1696218130,1696218139,99.9999463558197
1696218140,1696218149,99.4511067867279
1696218150,1696218159,99.98463988304138
1696218160,1696218169,99.98341202735901
1696218170,1696218179,99.99998807907104
1696218180,1696218189,100.0
1696218190,1696218199,99.9391496181488
1696218200,1696218209,99.99969601631165
1696218210,1696218219,99.99680519104004
1696218220,1696218229,99.99873042106628
1696218230,1696218239,99.98816251754761
1696218240,1696218249,99.99995231628418
1696218250,1696218259,99.99939799308777
1696218260,1696218269,99.99998807907104
1696218270,1696218279,99.99998807907104
1696218280,1696218289,99.99123215675354
1696218290,1696218299,100.0
1696218300,1696218309,99.99762773513794
1696218310,1696218319,99.99964833259583
1696218320,1696218329,99.9994158744812
1696218330,1696218339,99.99943375587463
1696218340,1696218349,99.80800151824951
1696218350,1696218359,99.99750256538391
1696218360,1696218369,99.99997019767761
1696218370,1696218379,93.83269548416138
1696218380,1696218389,99.999338388443
1696218390,1696218399,99.99038577079773
1696218400,1696218409,100.0
1696218410,1696218419,100.0
1696218420,1696218429,99.99998807907104
1696218430,1696218439,99.99999403953552
1696218440,1696218449,100.0
1696218450,1696218459,99.99996423721313
1696218460,1696218469,99.99991655349731
1696218470,1696218479,99.99998211860657
1696218480,1696218489,99.9993622303009
1696218490,1696218499,99.98912215232849
1696218500,1696218509,99.44157004356384
1696218510,1696218519,99.37700033187866
1696218520,1696218529,99.62153434753418
1696218530,1696218539,99.99972581863403
1696218540,1696218549,99.9541163444519
1696218550,1696218559,99.99567866325378
1696218560,1696218569,99.8872458934784
1696218570,1696218579,99.82681274414062
1696218580,1696218589,99.99796152114868
1696218590,1696218599,99.99952912330627
1696218600,1696218609,100.0
1696218610,1696218619,99.99998211860657
1696218620,1696218629,99.99991655349731
1696218630,1696218639,100.0
1696218640,1696218649,99.98819828033447
1696218650,1696218659,100.0
1696218660,1696218669,100.0
1696218670,1696218679,100.0
1696218680,1696218689,100.0
1696218690,1696218699,100.0
1696218700,1696218709,100.0
1696218710,1696218719,100.0
1696218720,1696218729,99.99983310699463
1696218730,1696218739,99.99761581420898
1696218740,1696218749,99.99999403953552
1696218750,1696218759,100.0
1696218760,1696218769,100.0
1696218770,1696218779,99.99997615814209
1696218780,1696218789,99.99985098838806
1696218790,1696218799,99.91740584373474
1696218800,1696218809,99.91804361343384
1696218810,1696218819,99.9999463558197
1696218820,1696218829,99.99658465385437
1696218830,1696218839,99.99959468841553
1696218840,1696218849,99.99960064888
1696218850,1696218859,99.99831914901733
1696218860,1696218869,99.99998807907104
1696218870,1696218879,99.99993443489075
1696218880,1696218889,99.99998807907104
1696218890,1696218899,100.0
1696218900,1696218909,99.9757468700409
1696218910,1696218919,99.99992251396179
1696218920,1696218929,99.99780654907227
1696218930,1696218939,99.99998807907104
1696218940,1696218949,100.0
1696218950,1696218959,99.7895359992981
1696218960,1696218969,99.99987483024597
1696218970,1696218979,99.99991655349731
1696218980,1696218989,99.9998688697815
1696218990,1696218999,99.98553395271301
1696219000,1696219009,99.92762207984924
1696219010,1696219019,99.99958276748657
1696219020,1696219029,100.0
1696219030,1696219039,99.99994039535522
1696219040,1696219049,99.99999403953552
1696219050,1696219059,99.99936819076538
1696219060,1696219069,99.99985694885254
1696219070,1696219079,99.99961256980896
1696219080,1696219089,99.99988079071045
1696219090,1696219099,99.9998390674591
1696219100,1696219109,99.99977350234985
1696219110,1696219119,99.99399185180664
1696219120,1696219129,100.0
1696219130,1696219139,99.99993443489075
1696219140,1696219149,99.99836683273315
1696219150,1696219159,99.99932050704956
1696219160,1696219169,100.0
1696219170,1696219179,99.99985098838806
1696219180,1696219189,99.99994039535522
1696219190,1696219199,99.99999403953552
1696219200,1696219209,99.99977946281433
1696219210,1696219219,99.99997019767761
1696219220,1696219229,99.99998807907104
1696219230,1696219239,99.99999403953552
1696219240,1696219249,99.99995231628418
1696219250,1696219259,99.99998807907104
1696219260,1696219269,100.0
1696219270,1696219279,99.99513030052185
1696219280,1696219289,99.99992251396179
1696219290,1696219299,99.998939037323
1696219300,1696219309,99.9998152256012
1696219310,1696219319,99.99947547912598
1696219320,1696219329,99.99997019767761
1696219330,1696219339,99.99911189079285
1696219340,1696219349,99.99948740005493
1696219350,1696219359,99.9999463558197
1696219360,1696219369,99.99999403953552
1696219370,1696219379,100.0
1696219380,1696219389,99.99997019767761
1696219390,1696219399,99.99991059303284
1696219400,1696219409,99.99969601631165
1696219410,1696219419,99.99994039535522
1696219420,1696219429,99.99982714653015
1696219430,1696219439,99.9993622303009
1696219440,1696219449,99.99923706054688
1696219450,1696219459,99.99985098838806
1696219460,1696219469,99.99998807907104
1696219470,1696219479,99.99993443489075
1696219480,1696219489,99.99995827674866
1696219490,1696219499,99.99992251396179
1696219500,1696219509,99.99197125434875
1696219510,1696219519,100.0
1696219520,1696219529,99.99724626541138
1696219530,1696219539,99.99997615814209
1696219540,1696219549,99.99989867210388
1696219550,1696219559,99.99992847442627
1696219560,1696219569,99.98694062232971
1696219570,1696219579,99.99951124191284
1696219580,1696219589,99.99949336051941
1696219590,1696219599,99.99410510063171
1696219600,1696219609,99.88191723823547
1696219610,1696219619,99.99813437461853
1696219620,1696219629,99.99938607215881
1696219630,1696219639,99.99351501464844
1696219640,1696219649,99.9999463558197
1696219650,1696219659,99.9997615814209
1696219660,1696219669,99.99635219573975
1696219670,1696219679,99.99997019767761
1696219680,1696219689,99.99995231628418
1696219690,1696219699,99.99999403953552
1696219700,1696219709,99.99990463256836
1696219710,1696219719,99.99999403953552
1696219720,1696219729,99.98490810394287
1696219730,1696219739,99.98432397842407
1696219740,1696219749,99.99996423721313
1696219750,1696219759,99.99738931655884
1696219760,1696219769,99.99992847442627
1696219770,1696219779,99.99415874481201
1696219780,1696219789,79.13030982017517
1696219790,1696219799,0.010294611274730414
1696219800,1696219809,99.99998807907104
1696219810,1696219819,100.0
1696219820,1696219829,99.99999403953552
1696219830,1696219839,99.99998807907104
1696219840,1696219849,100.0
1696219850,1696219859,99.99999403953552
1696219860,1696219869,99.99998211860657
1696219870,1696219879,99.99999403953552
1696219880,1696219889,99.99850988388062
1696219890,1696219899,99.99999403953552
1696219900,1696219909,99.99999403953552
1696219910,1696219919,100.0
1696219920,1696219929,100.0
1696219930,1696219939,100.0
1696219940,1696219949,99.99939799308777
1696219950,1696219959,99.99523162841797
1696219960,1696219969,99.98398423194885
1696219970,1696219979,99.99970197677612
1696219980,1696219989,100.0
1696219990,1696219999,99.99778270721436
1696220000,1696220009,99.98996257781982
1696220010,1696220019,99.99914765357971
1696220020,1696220029,99.99504089355469
1696220030,1696220039,99.99963045120239
1696220040,1696220049,99.8782753944397
1696220050,1696220059,99.9997615814209
1696220060,1696220069,99.99856948852539
1696220070,1696220079,99.99999403953552
1696220080,1696220089,100.0
1696220090,1696220099,99.99999403953552
1696220100,1696220109,99.99998807907104
1696220110,1696220119,100.0
1696220120,1696220129,99.99995231628418
1696220130,1696220139,100.0
1696220140,1696220149,100.0
1696220150,1696220159,100.0
1696220160,1696220169,100.0
1696220170,1696220179,99.99997615814209
1696220180,1696220189,99.9984622001648
1696220190,1696220199,99.99995231628418
1696220200,1696220209,99.99999403953552
1696220210,1696220219,99.99986290931702
1696220220,1696220229,99.99850988388062
1696220230,1696220239,99.9997079372406
1696220240,1696220249,100.0
1696220250,1696220259,100.0
1696220260,1696220269,99.99998211860657
1696220270,1696220279,100.0
1696220280,1696220289,99.99999403953552
1696220290,1696220299,100.0
1696220300,1696220309,100.0
1696220310,1696220319,99.99980330467224
1696220320,1696220329,100.0
1696220330,1696220339,100.0
1696220340,1696220349,100.0
1696220350,1696220359,100.0
1696220360,1696220369,100.0
1696220370,1696220379,100.0
1696220380,1696220389,100.0
1696220390,1696220399,99.99998807907104
1696220400,1696220409,36.038634181022644
1696220410,1696220419,99.9769926071167
1696220420,1696220429,99.99961853027344
1696220430,1696220439,99.9885082244873
1696220440,1696220449,99.98893141746521
1696220450,1696220459,99.99997019767761
1696220460,1696220469,98.49063754081726
1696220470,1696220479,28.03168296813965
1696220480,1696220489,94.96932625770569
1696220490,1696220499,99.99985694885254
1696220500,1696220509,100.0
1696220510,1696220519,99.99999403953552
1696220520,1696220529,100.0
1696220530,1696220539,100.0
1696220540,1696220549,99.99998211860657
1696220550,1696220559,99.99998807907104
1696220560,1696220569,100.0
1696220570,1696220579,99.9991774559021
1696220580,1696220589,100.0
1696220590,1696220599,99.99993443489075
1696220600,1696220609,99.99992251396179
1696220610,1696220619,99.99996423721313
1696220620,1696220629,99.99142289161682
1696220630,1696220639,99.99837279319763
1696220640,1696220649,99.99967217445374
1696220650,1696220659,99.99826550483704
1696220660,1696220669,99.99966025352478
1696220670,1696220679,99.99953508377075
1696220680,1696220689,99.98388290405273
1696220690,1696220699,99.98351335525513
1696220700,1696220709,99.99997615814209
1696220710,1696220719,99.99963641166687
1696220720,1696220729,99.9951958656311
1696220730,1696220739,99.99999403953552
1696220740,1696220749,99.99979734420776
1696220750,1696220759,99.99993443489075
1696220760,1696220769,99.88895058631897
1696220770,1696220779,99.99998807907104
1696220780,1696220789,99.9998152256012
1696220790,1696220799,99.99994039535522
1696220800,1696220809,99.95985627174377
1696220810,1696220819,99.99405145645142
1696220820,1696220829,99.99564290046692
1696220830,1696220839,99.9998927116394
1696220840,1696220849,99.99794960021973
1696220850,1696220859,99.9997079372406
1696220860,1696220869,99.96570348739624
1696220870,1696220879,99.99935030937195
1696220880,1696220889,99.99762177467346
1696220890,1696220899,99.99960660934448
1696220900,1696220909,99.99964237213135
1696220910,1696220919,99.99991655349731
1696220920,1696220929,99.99988675117493
1696220930,1696220939,99.99969005584717
1696220940,1696220949,99.99977946281433
1696220950,1696220959,99.99995827674866
1696220960,1696220969,99.99962449073792
1696220970,1696220979,99.94045495986938
1696220980,1696220989,99.99971985816956
1696220990,1696220999,99.99997615814209
1696221000,1696221009,100.0
1696221010,1696221019,99.99998807907104
1696221020,1696221029,99.99998807907104
1696221030,1696221039,100.0
1696221040,1696221049,99.99999403953552
1696221050,1696221059,99.99908804893494
1696221060,1696221069,99.9999463558197
1696221070,1696221079,99.96824264526367
1696221080,1696221089,99.99998807907104
1696221090,1696221099,99.99992251396179
1696221100,1696221109,99.99940395355225
1696221110,1696221119,99.99688863754272
1696221120,1696221129,99.99998807907104
1696221130,1696221139,100.0
1696221140,1696221149,99.99949336051941
1696221150,1696221159,100.0
1696221160,1696221169,98.89543652534485
1696221170,1696221179,99.95445013046265
1696221180,1696221189,100.0
1696221190,1696221199,100.0
1696221200,1696221209,99.9735176563263
1696221210,1696221219,99.99997019767761
1696221220,1696221229,99.99996423721313
1696221230,1696221239,100.0
1696221240,1696221249,99.99988675117493
1696221250,1696221259,99.99733567237854
1696221260,1696221269,100.0
1696221270,1696221279,100.0
1696221280,1696221289,99.99998807907104
1696221290,1696221299,99.99831318855286
1696221300,1696221309,100.0
1696221310,1696221319,99.99999403953552
1696221320,1696221329,99.9992311000824
1696221330,1696221339,99.99999403953552
1696221340,1696221349,99.99999403953552
1696221350,1696221359,100.0
1696221360,1696221369,100.0
1696221370,1696221379,100.0
1696221380,1696221389,99.99969601631165
1696221390,1696221399,100.0
1696221400,1696221409,100.0
1696221410,1696221419,99.99993443489075
1696221420,1696221429,100.0
1696221430,1696221439,100.0
1696221440,1696221449,99.97463822364807
1696221450,1696221459,100.0
1696221460,1696221469,99.99999403953552
1696221470,1696221479,100.0
1696221480,1696221489,100.0
1696221490,1696221499,100.0
1696221500,1696221509,100.0
1696221510,1696221519,99.99999403953552
1696221520,1696221529,100.0
1696221530,1696221539,100.0
1696221540,1696221549,99.99997615814209
1696221550,1696221559,100.0
1696221560,1696221569,100.0
1696221570,1696221579,100.0
1696221580,1696221589,99.99998211860657
1696221590,1696221599,100.0
1696221600,1696221609,100.0
1696221610,1696221619,99.9992311000824
1696221620,1696221629,99.9991238117218
1696221630,1696221639,99.97529983520508
1696221640,1696221649,94.96691823005676
1696221650,1696221659,99.9998688697815
1696221660,1696221669,99.87720251083374
1696221670,1696221679,100.0
1696221680,1696221689,99.23760890960693
1696221690,1696221699,99.53539967536926
1696221700,1696221709,100.0
1696221710,1696221719,99.99985098838806
1696221720,1696221729,99.99871850013733
1696221730,1696221739,100.0
1696221740,1696221749,99.99996423721313
1696221750,1696221759,100.0
1696221760,1696221769,99.99998211860657
1696221770,1696221779,100.0
1696221780,1696221789,99.99998807907104
1696221790,1696221799,100.0
1696221800,1696221809,100.0
1696221810,1696221819,100.0
1696221820,1696221829,100.0
1696221830,1696221839,100.0
1696221840,1696221849,99.99997615814209
1696221850,1696221859,99.99999403953552
1696221860,1696221869,100.0
1696221870,1696221879,99.99995827674866
1696221880,1696221889,100.0
1696221890,1696221899,99.99998211860657
1696221900,1696221909,100.0
1696221910,1696221919,99.99997615814209
1696221920,1696221929,99.99998211860657
1696221930,1696221939,100.0
1696221940,1696221949,87.60741949081421
1696221950,1696221959,99.99898672103882
1696221960,1696221969,99.99287724494934
1696221970,1696221979,99.99920129776001
1696221980,1696221989,99.9999463558197
1696221990,1696221999,99.99993443489075
1696222000,1696222009,99.99998211860657
1696222010,1696222019,99.98878240585327
1696222020,1696222029,99.99970197677612
1696222030,1696222039,99.98595714569092
1696222040,1696222049,99.98908042907715
1696222050,1696222059,99.99936819076538
1696222060,1696222069,99.99998211860657
1696222070,1696222079,99.99973177909851
1696222080,1696222089,100.0
1696222090,1696222099,99.9997615814209
1696222100,1696222109,100.0
1696222110,1696222119,99.99998807907104
1696222120,1696222129,99.86075162887573
1696222130,1696222139,99.99971985816956
1696222140,1696222149,99.99945759773254
1696222150,1696222159,99.99998211860657
1696222160,1696222169,99.99988079071045
1696222170,1696222179,100.0
1696222180,1696222189,100.0
1696222190,1696222199,100.0
1696222200,1696222209,100.0
1696222210,1696222219,100.0
1696222220,1696222229,100.0
1696222230,1696222239,99.99999403953552
1696222240,1696222249,99.99998211860657
1696222250,1696222259,100.0
1696222260,1696222269,100.0
1696222270,1696222279,99.99974370002747
1696222280,1696222289,99.99995827674866
1696222290,1696222299,100.0
1696222300,1696222309,100.0
1696222310,1696222319,99.99999403953552
1696222320,1696222329,99.76533055305481
1696222330,1696222339,99.99974370002747
1696222340,1696222349,99.52812194824219
1696222350,1696222359,100.0
1696222360,1696222369,99.13802742958069
1696222370,1696222379,100.0
1696222380,1696222389,100.0
1696222390,1696222399,99.99998807907104
1696222400,1696222409,100.0
1696222410,1696222419,99.99999403953552
1696222420,1696222429,100.0
1696222430,1696222439,100.0
1696222440,1696222449,100.0
1696222450,1696222459,100.0
1696222460,1696222469,100.0
1696222470,1696222479,100.0
1696222480,1696222489,99.99292492866516
1696222490,1696222499,99.99998807907104
1696222500,1696222509,100.0
1696222510,1696222519,99.99947547912598
1696222520,1696222529,99.99998807907104
1696222530,1696222539,99.99999403953552
1696222540,1696222549,99.99992251396179
1696222550,1696222559,99.99996423721313
1696222560,1696222569,100.0
1696222570,1696222579,100.0
1696222580,1696222589,100.0
1696222590,1696222599,100.0
1696222600,1696222609,100.0
1696222610,1696222619,99.99995231628418
1696222620,1696222629,99.76115226745605
1696222630,1696222639,100.0
1696222640,1696222649,100.0
1696222650,1696222659,99.99998807907104
1696222660,1696222669,100.0
1696222670,1696222679,99.99990463256836
1696222680,1696222689,99.99998211860657
1696222690,1696222699,100.0
1696222700,1696222709,99.99996423721313
1696222710,1696222719,99.98714923858643
1696222720,1696222729,99.99973177909851
1696222730,1696222739,99.9970555305481
1696222740,1696222749,100.0
1696222750,1696222759,99.99998211860657
1696222760,1696222769,100.0
1696222770,1696222779,99.99998807907104
1696222780,1696222789,100.0
1696222790,1696222799,100.0
1696222800,1696222809,99.9983549118042
1696222810,1696222819,99.99999403953552
1696222820,1696222829,99.99996423721313
1696222830,1696222839,99.92610812187195
1696222840,1696222849,99.99358057975769
1696222850,1696222859,99.97913837432861
1696222860,1696222869,99.97497200965881
1696222870,1696222879,99.99386668205261
1696222880,1696222889,99.96835589408875
1696222890,1696222899,99.99604821205139
1696222900,1696222909,99.98926520347595
1696222910,1696222919,99.52422976493835
1696222920,1696222929,99.95390176773071
1696222930,1696222939,99.9992847442627
1696222940,1696222949,99.99884366989136
1696222950,1696222959,99.99223947525024
1696222960,1696222969,99.90996718406677
1696222970,1696222979,99.98103380203247
1696222980,1696222989,99.99998211860657
1696222990,1696222999,99.99548196792603
1696223000,1696223009,100.0
1696223010,1696223019,99.99998807907104
1696223020,1696223029,100.0
1696223030,1696223039,100.0
1696223041,1696223049,100.0
1696223050,1696223059,100.0
1696223060,1696223069,99.99907612800598
1696223070,1696223079,99.99982714653015
1696223080,1696223089,100.0
1696223090,1696223099,100.0
1696223100,1696223109,100.0
1696223110,1696223119,99.99963641166687
1696223120,1696223129,99.99949336051941
1696223130,1696223139,99.99998211860657
1696223140,1696223149,99.99902248382568
1696223150,1696223159,99.99966025352478
1696223160,1696223169,100.0
1696223170,1696223179,100.0
1696223180,1696223189,99.99998807907104
1696223190,1696223199,99.98331069946289
1696223200,1696223209,99.99908804893494
1696223210,1696223219,99.99998807907104
1696223220,1696223229,99.99931454658508
1696223230,1696223239,99.99752640724182
1696223240,1696223249,99.99235272407532
1696223250,1696223259,95.43827176094055
1696223260,1696223269,99.99983310699463
1696223270,1696223279,99.99995231628418
1696223280,1696223289,99.99985694885254
1696223290,1696223299,99.99988079071045
1696223300,1696223309,84.77895855903625
1696223310,1696223319,80.67853450775146
1696223320,1696223329,99.63892102241516
1696223330,1696223339,99.98733401298523
1696223340,1696223349,99.88253116607666
1696223350,1696223359,98.78827333450317
1696223360,1696223369,99.86063241958618
1696223370,1696223379,98.58840107917786
1696223380,1696223389,73.85073900222778
1696223390,1696223399,99.99740719795227
1696223400,1696223409,99.04922246932983
1696223410,1696223419,99.97587203979492
1696223420,1696223429,99.99439120292664
1696223430,1696223439,99.99955892562866
1696223440,1696223449,99.99998211860657
1696223450,1696223459,99.99995231628418
1696223460,1696223469,99.99993443489075
1696223470,1696223479,99.98666644096375
1696223480,1696223489,99.98368620872498
1696223490,1696223499,99.99750852584839
1696223500,1696223509,99.99244809150696
1696223510,1696223519,99.99545812606812
1696223520,1696223529,99.9386727809906
1696223530,1696223539,99.97424483299255
1696223540,1696223549,99.92576241493225
1696223550,1696223559,99.92028474807739
1696223560,1696223569,99.958735704422
1696223570,1696223579,100.0
1696223580,1696223589,100.0
1696223590,1696223599,100.0
1696223600,1696223609,100.0
1696223610,1696223619,100.0
1696223620,1696223629,99.99922513961792
1696223630,1696223639,100.0
1696223640,1696223649,100.0
1696223650,1696223659,100.0
1696223660,1696223669,100.0
1696223670,1696223679,99.99997615814209
1696223680,1696223689,100.0
1696223690,1696223699,99.99997019767761
1696223700,1696223709,100.0
1696223710,1696223719,100.0
1696223720,1696223729,99.95288848876953
1696223730,1696223739,90.78902006149292
1696223740,1696223749,99.74032044410706
1696223750,1696223759,99.99991655349731
1696223760,1696223769,99.99980926513672
1696223770,1696223779,99.99962449073792
1696223780,1696223789,99.99798536300659
1696223790,1696223799,99.99272227287292
1696223800,1696223809,99.99817609786987
1696223810,1696223819,99.99234080314636
1696223820,1696223829,99.999338388443
1696223830,1696223839,99.99998211860657
1696223840,1696223849,99.99890327453613
1696223850,1696223859,99.99999403953552
1696223860,1696223869,100.0
1696223870,1696223879,100.0
1696223880,1696223889,99.99999403953552
1696223890,1696223899,99.99980330467224
1696223900,1696223909,99.98210668563843
1696223910,1696223919,99.97075200080872
1696223920,1696223929,99.99998807907104
1696223930,1696223939,99.99996423721313
1696223940,1696223949,99.9804139137268
1696223950,1696223959,99.99827742576599
1696223960,1696223969,99.98575448989868
1696223970,1696223979,99.99903440475464
1696223980,1696223989,99.99918937683105
1696223990,1696223999,99.99811053276062
1696224000,1696224009,100.0
1696224010,1696224019,100.0
1696224020,1696224029,99.99945759773254
1696224030,1696224039,100.0
1696224040,1696224049,100.0
1696224050,1696224059,99.99984502792358
1696224060,1696224069,99.99995827674866
1696224070,1696224079,99.99994039535522
1696224080,1696224089,99.99993443489075
1696224090,1696224099,99.99995231628418
1696224100,1696224109,99.99998211860657
1696224110,1696224119,99.99995231628418
1696224120,1696224129,99.99966621398926
1696224130,1696224139,99.9998927116394
1696224140,1696224149,99.99855160713196
1696224150,1696224159,99.9948263168335
1696224160,1696224169,99.98518228530884
1696224170,1696224179,99.78325963020325
1696224180,1696224189,99.93207454681396
1696224190,1696224199,99.99338388442993
1696224200,1696224209,99.998539686203
1696224210,1696224219,99.99999403953552
1696224220,1696224229,99.99993443489075
1696224230,1696224239,99.99998211860657
1696224240,1696224249,99.99974370002747
1696224250,1696224259,99.99991655349731
1696224260,1696224269,99.99972581863403
1696224270,1696224279,100.0
1696224280,1696224289,99.99991059303284
1696224290,1696224299,100.0
1696224300,1696224309,100.0
1696224310,1696224319,99.99984502792358
1696224320,1696224329,99.99998807907104
1696224330,1696224339,99.98322129249573
1696224340,1696224349,99.9997079372406
1696224350,1696224359,99.99999403953552
1696224360,1696224369,99.91616606712341
1696224370,1696224379,99.99713897705078
1696224380,1696224389,100.0
1696224390,1696224399,99.99960064888
1696224400,1696224409,99.93255734443665
1696224410,1696224419,100.0
1696224420,1696224429,99.99997615814209
1696224430,1696224439,99.99998211860657
1696224440,1696224449,99.99997019767761
1696224450,1696224459,99.99999403953552
1696224460,1696224469,99.99999403953552
1696224470,1696224479,100.0
1696224480,1696224489,100.0
1696224490,1696224499,100.0
1696224500,1696224509,100.0
1696224510,1696224519,100.0
1696224520,1696224529,100.0
1696224530,1696224539,100.0
1696224540,1696224549,100.0
1696224550,1696224559,100.0
1696224560,1696224569,100.0
1696224570,1696224579,100.0
1696224580,1696224589,100.0
1696224590,1696224599,100.0
1696224600,1696224609,100.0
1696224610,1696224619,99.99989867210388
1696224620,1696224629,100.0
1696224630,1696224639,99.99768137931824
1696224640,1696224649,99.99999403953552
1696224650,1696224659,99.9843955039978
1696224660,1696224669,99.99856948852539
1696224670,1696224679,99.99997019767761
1696224680,1696224689,99.99995827674866
1696224690,1696224699,99.9998688697815
1696224700,1696224709,99.99575018882751
1696224710,1696224719,99.99995827674866
1696224720,1696224729,100.0
1696224730,1696224739,99.9999463558197
1696224740,1696224749,99.99999403953552
1696224750,1696224759,99.99985098838806
1696224760,1696224769,99.99996423721313
1696224770,1696224779,100.0
1696224780,1696224789,99.99996423721313
1696224790,1696224799,99.99998211860657
1696224800,1696224809,100.0
1696224810,1696224819,99.46352243423462
1696224820,1696224829,99.99994039535522
1696224830,1696224839,99.99883770942688
1696224840,1696224849,99.99938607215881
1696224850,1696224859,99.97884631156921
1696224860,1696224869,99.99995231628418
1696224870,1696224879,100.0
1696224880,1696224889,99.99908208847046
1696224890,1696224899,99.99998807907104
1696224900,1696224909,99.99831914901733
1696224910,1696224919,99.99983310699463
1696224920,1696224929,99.99769330024719
1696224930,1696224939,99.9609112739563
1696224940,1696224949,99.99973773956299
1696224950,1696224959,100.0
1696224960,1696224969,100.0
1696224970,1696224979,99.99999403953552
1696224980,1696224989,99.99973773956299
1696224990,1696224999,100.0
1696225000,1696225009,99.99998807907104
1696225010,1696225019,99.99991655349731
1696225020,1696225029,99.9983012676239
1696225030,1696225039,99.99387860298157
1696225040,1696225049,100.0
1696225050,1696225059,99.99998807907104
1696225060,1696225069,100.0
1696225070,1696225079,99.9975323677063
1696225080,1696225089,100.0
